full_name,language,stars
avelino/awesome-go,Go,129721
golang/go,Go,123195
kubernetes/kubernetes,Go,110160
ollama/ollama,Go,91621
fatedier/frp,Go,84166
gin-gonic/gin,Go,78113
gohugoio/hugo,Go,75018
moby/moby,Go,68526
syncthing/syncthing,Go,64253
junegunn/fzf,Go,64215
caddyserver/caddy,Go,57373
prometheus/prometheus,Go,55077
nektos/act,Go,54270
jesseduffield/lazygit,Go,51198
traefik/traefik,Go,50577
etcd-io/etcd,Go,47505
filosottile/mkcert,Go,47358
ethereum/go-ethereum,Go,47286
minio/minio,Go,47013
rclone/rclone,Go,46427
v2ray/v2ray-core,Go,45242
gogs/gogs,Go,44816
wagoodman/dive,Go,44644
go-gitea/gitea,Go,44362
astaxie/build-web-application-with-golang,Go,42963
alist-org/alist,Go,42446
hashicorp/terraform,Go,42425
pocketbase/pocketbase,Go,39244
evanw/esbuild,Go,37959
spf13/cobra,Go,37335
coreybutler/nvm-windows,Go,37128
pingcap/tidb,Go,36989
cli/cli,Go,36850
go-gorm/gorm,Go,36653
jesseduffield/lazydocker,Go,35835
istio/istio,Go,35789
photoprism/photoprism,Go,34867
docker/compose,Go,33707
gofiber/fiber,Go,33367
halfrost/leetcode-go,Go,32324
harness/harness,Go,32146
jmorganca/ollama,Go,32145
harness/gitness,Go,32139
beego/beego,Go,31453
hashicorp/vault,Go,30966
usememos/memos,Go,30469
cockroachdb/cockroach,Go,29958
milvus-io/milvus,Go,29689
ehang-io/nps,Go,29448
kubernetes/minikube,Go,29257
labstack/echo,Go,29247
v2fly/v2ray-core,Go,29067
zeromicro/go-zero,Go,28944
hashicorp/consul,Go,28275
k3s-io/k3s,Go,27739
schollz/croc,Go,27702
harness/drone,Go,27214
iawia002/lux,Go,27194
charmbracelet/bubbletea,Go,27084
spf13/viper,Go,26912
helm/helm,Go,26833
derailed/k9s,Go,26710
go-kit/kit,Go,26338
filebrowser/filebrowser,Go,26146
restic/restic,Go,25938
kataras/iris,Go,25180
grafana/k6,Go,25168
icewhaletech/casaos,Go,25022
openfaas/faas,Go,25008
zyedidia/micro,Go,24916
adguardteam/adguardhome,Go,24814
nsqio/nsq,Go,24766
fyne-io/fyne,Go,24756
wailsapp/wails,Go,24698
xtls/xray-core,Go,24605
sirupsen/logrus,Go,24330
tmrts/go-patterns,Go,24226
drone/drone,Go,24176
mattermost/mattermost-server,Go,24144
dapr/dapr,Go,23888
goharbor/harbor,Go,23804
grafana/loki,Go,23476
tsenart/vegeta,Go,23384
danielmiessler/fabric,Go,23311
containers/podman,Go,23299
rancher/rancher,Go,23286
go-kratos/kratos,Go,23137
stretchr/testify,Go,23130
aquasecurity/trivy,Go,23037
go-delve/delve,Go,22830
gocolly/colly,Go,22743
opentofu/opentofu,Go,22685
mislav/hub,Go,22636
juanfont/headscale,Go,22458
seaweedfs/seaweedfs,Go,22432
github/hub,Go,22382
urfave/cli,Go,22121
quii/learn-go-with-tests,Go,21991
gorilla/websocket,Go,21838
valyala/fasthttp,Go,21687
rails/rails,Ruby,55763
jekyll/jekyll,Ruby,48981
mastodon/mastodon,Ruby,46868
huginn/huginn,Ruby,42994
discourse/discourse,Ruby,41965
homebrew/brew,Ruby,40972
fastlane/fastlane,Ruby,39470
freecodecamp/devdocs,Ruby,35049
rapid7/metasploit-framework,Ruby,33870
maybe-finance/maybe,Ruby,30367
hashicorp/vagrant,Ruby,26204
matteocrippa/awesome-swift,Ruby,24765
tootsuite/mastodon,Ruby,24408
heartcombo/devise,Ruby,23870
gitlabhq/gitlabhq,Ruby,23743
ruby/ruby,Ruby,21973
forem/forem,Ruby,21928
homebrew/homebrew-cask,Ruby,20864
chatwoot/chatwoot,Ruby,20670
postalserver/postal,Ruby,14711
cocoapods/cocoapods,Ruby,14548
elastic/logstash,Ruby,14196
gollum/gollum,Ruby,13752
Homebrew/homebrew-core,Ruby,13587
diaspora/diaspora,Ruby,13375
spree/spree,Ruby,12880
fluent/fluentd,Ruby,12857
twbs/bootstrap-sass,Ruby,12736
tmuxinator/tmuxinator,Ruby,12693
capistrano/capistrano,Ruby,12668
rubocop/rubocop,Ruby,12609
mperham/sidekiq,Ruby,12298
sinatra/sinatra,Ruby,12145
github-linguist/linguist,Ruby,12145
faker-ruby/faker,Ruby,11229
jordansissel/fpm,Ruby,11135
shopify/liquid,Ruby,11046
github/linguist,Ruby,10923
postalhq/postal,Ruby,10605
basecamp/kamal,Ruby,10513
teamcapybara/capybara,Ruby,9986
ruby-grape/grape,Ruby,9881
activeadmin/activeadmin,Ruby,9478
resque/resque,Ruby,9415
opf/openproject,Ruby,9202
thoughtbot/paperclip,Ruby,9061
javan/whenever,Ruby,8785
freecodecamp/how-to-contribute-to-open-source,Ruby,8734
kaminari/kaminari,Ruby,8556
wpscanteam/wpscan,Ruby,8490
varvet/pundit,Ruby,8238
heartcombo/simple_form,Ruby,8205
ankane/pghero,Ruby,8038
thoughtbot/factory_bot,Ruby,7906
railsadminteam/rails_admin,Ruby,7882
omniauth/omniauth,Ruby,7874
puma/puma,Ruby,7666
chef/chef,Ruby,7588
sferik/rails_admin,Ruby,7531
puppetlabs/puppet,Ruby,7403
github/scientist,Ruby,7368
github-changelog-generator/github-changelog-generator,Ruby,7363
realm/jazzy,Ruby,7337
flyerhzm/bullet,Ruby,7066
middleman/middleman,Ruby,7045
presidentbeef/brakeman,Ruby,6967
skwp/dotfiles,Ruby,6944
bettererrors/better_errors,Ruby,6868
pry/pry,Ruby,6763
paper-trail-gem/paper_trail,Ruby,6759
bkeepers/dotenv,Ruby,6578
ankane/searchkick,Ruby,6523
chyingp/nodejs-learning-guide,Ruby,6498
kkuchta/css-only-chat,Ruby,6443
ryanb/cancan,Ruby,6321
alexreisner/geocoder,Ruby,6312
ankane/chartkick,Ruby,6309
guard/guard,Ruby,6241
hanami/hanami,Ruby,6216
docusealco/docuseal,Ruby,6215
mrsked/mrsk,Ruby,6209
sj26/mailcatcher,Ruby,6197
norman/friendly_id,Ruby,6073
venmo/synx,Ruby,6056
ddollar/foreman,Ruby,6010
github/markup,Ruby,5844
vcr/vcr,Ruby,5815
jnunemaker/httparty,Ruby,5784
lostisland/faraday,Ruby,5727
mislav/will_paginate,Ruby,5703
ruby-concurrency/concurrent-ruby,Ruby,5672
square/maximum-awesome,Ruby,5668
activerecord-hackery/ransack,Ruby,5634
instructure/canvas-lms,Ruby,5575
cancancommunity/cancancan,Ruby,5565
felixonmars/dnsmasq-china-list,Ruby,5514
rack/rack-attack,Ruby,5510
danger/danger,Ruby,5439
sferik/t-ruby,Ruby,5429
sferik/t,Ruby,5423
TadasBaltrusaitis/OpenFace,MATLAB,6665
AaronJackson/vrn,MATLAB,4515
rasmusbergpalm/DeepLearnToolbox,MATLAB,3763
kpzhang93/MTCNN_face_detection_alignment,MATLAB,2789
googollee/eviltransform,MATLAB,2357
rbgirshick/rcnn,MATLAB,2339
zk00006/OpenTLD,MATLAB,2093
zhoubolei/CAM,MATLAB,1808
matlab2tikz/matlab2tikz,MATLAB,1492
ecmadao/Coding-Guide,MATLAB,1450
torrvision/crfasrnn,MATLAB,1335
brendenlake/omniglot,MATLAB,1326
petercorke/robotics-toolbox-matlab,MATLAB,1197
scottclowe/matlab-schemer,MATLAB,1166
Borye/machine-learning-coursera-1,MATLAB,1129
fieldtrip/fieldtrip,MATLAB,838
schneems/Octave,MATLAB,823
pdollar/edges,MATLAB,814
piermorel/gramm,MATLAB,772
benfulcher/hctsa,MATLAB,726
cs-chan/Total-Text-Dataset,MATLAB,720
kyamagu/mexopencv,MATLAB,655
alecjacobson/gptoolbox,MATLAB,626
chebfun/chebfun,MATLAB,598
CERN/TIGRE,MATLAB,561
feichtenhofer/Detect-Track,MATLAB,549
yalmip/YALMIP,MATLAB,474
XgTu/2DASL,MATLAB,463
davidvarga/MBeautifier,MATLAB,458
matlab-deep-learning/MATLAB-Deep-Learning-Model-Hub,MATLAB,436
everpeace/ml-class-assignments,MATLAB,431
quantombone/exemplarsvm,MATLAB,428
MATPOWER/matpower,MATLAB,413
plotly/plotly_matlab,MATLAB,377
brainstorm-tools/brainstorm3,MATLAB,375
DrCoffey/DeepSqueak,MATLAB,368
s-gupta/rcnn-depth,MATLAB,363
TheAlgorithms/MATLAB-Octave,MATLAB,356
covarep/covarep,MATLAB,334
proto17/dji_droneid,MATLAB,324
SciML/SciMLBenchmarks.jl,MATLAB,319
mahmoudnafifi/WB_sRGB,MATLAB,309
adikhosla/feature-extraction,MATLAB,303
mpariente/pystoi,MATLAB,302
hiroyuki-kasai/NMFLibrary,MATLAB,289
mtex-toolbox/mtex,MATLAB,281
power-grid-lib/pglib-opf,MATLAB,277
masumhabib/PlotPub,MATLAB,276
joansola/slamtb,MATLAB,257
AlterWL/Battery_SOC_Estimation,MATLAB,257
ori-mrg/robotcar-dataset-sdk,MATLAB,254
ShapeNet/RenderForCNN,MATLAB,247
opencobra/cobratoolbox,MATLAB,247
bastibe/Violinplot-Matlab,MATLAB,245
uricamic/flandmark,MATLAB,228
zqs1022/interpretableCNN,MATLAB,222
dbekaert/StaMPS,MATLAB,219
detly/gammatone,MATLAB,214
Prof-Lu-Cewu/Visual-Relationship-Detection,MATLAB,212
e0404/matRad,MATLAB,211
jbhuang0604/CF2,MATLAB,203
hpatches/hpatches-benchmark,MATLAB,203
translationalneuromodeling/tapas,MATLAB,201
petercorke/machinevision-toolbox-matlab,MATLAB,196
OHBA-analysis/HMM-MAR,MATLAB,193
filipradenovic/cnnimageretrieval,MATLAB,189
ngageoint/MATLAB_SAR,MATLAB,189
cerr/CERR,MATLAB,189
cvxr/CVX,MATLAB,189
petercorke/spatialmath-matlab,MATLAB,188
gibbonCode/GIBBON,MATLAB,187
leoliuf/MRiLab,MATLAB,185
HybridRobotics/NMPC-DCLF-DCBF,MATLAB,184
sergeyk/selective_search_ijcv_with_python,MATLAB,183
ufukefe/DFM,MATLAB,183
lis-epfl/swarmlab,MATLAB,182
oseledets/TT-Toolbox,MATLAB,182
RANSAC/RANSAC-Toolbox,MATLAB,181
fangq/iso2mesh,MATLAB,179
CHLNDDEV/OceanMesh2D,MATLAB,179
gidariss/LocNet,MATLAB,177
RobertKrajewski/highD-dataset,MATLAB,172
ltfat/ltfat,MATLAB,171
LabForComputationalVision/matlabPyrTools,MATLAB,170
cortex-lab/KiloSort,MATLAB,166
gpstuff-dev/gpstuff,MATLAB,165
pulseq/pulseq,MATLAB,164
maestro-project/maestro,MATLAB,161
594422814/UDT,MATLAB,158
JeffFessler/mirt,MATLAB,156
qMRLab/qMRLab,MATLAB,155
hennyjie/braingb,MATLAB,153
gnu-octave/symbolic,MATLAB,151
rdeits/iris-distro,MATLAB,149
canlab/CanlabCore,MATLAB,149
donnydcy/LC_NGSIM,MATLAB,146
jramshur/HRVAS,MATLAB,145
WEC-Sim/WEC-Sim,MATLAB,145
singaxiong/SignalGraph,MATLAB,144
bbci/bbci_public,MATLAB,140
rust-lang/rust,Rust,97316
denoland/deno,Rust,94582
tauri-apps/tauri,Rust,82565
fuellabs/sway,Rust,62755
fuellabs/fuel-core,Rust,58149
alacritty/alacritty,Rust,55864
rust-lang/rustlings,Rust,53009
sharkdp/bat,Rust,49028
burntsushi/ripgrep,Rust,47910
zed-industries/zed,Rust,47905
meilisearch/meilisearch,Rust,46753
starship/starship,Rust,44480
fuellabs/fuels-rs,Rust,44218
dani-garcia/vaultwarden,Rust,37342
bevyengine/bevy,Rust,35497
lapce/lapce,Rust,34305
sharkdp/fd,Rust,33599
helix-editor/helix,Rust,33158
typst/typst,Rust,33029
nushell/nushell,Rust,31858
astral-sh/ruff,Rust,31505
swc-project/swc,Rust,31006
pola-rs/polars,Rust,29558
tw93/pake,Rust,29051
influxdata/influxdb,Rust,28719
servo/servo,Rust,28034
yewstack/yew,Rust,27831
google/comprehensive-rust,Rust,27635
surrealdb/surrealdb,Rust,27106
tokio-rs/tokio,Rust,26586
vercel/turborepo,Rust,26119
fish-shell/fish-shell,Rust,25844
vercel/turbo,Rust,25769
firecracker-microvm/firecracker,Rust,25381
iced-rs/iced,Rust,24382
rome/tools,Rust,24316
rwf2/Rocket,Rust,24114
ogham/exa,Rust,23569
dandavison/delta,Rust,22704
thealgorithms/rust,Rust,22232
ajeetdsouza/zoxide,Rust,21988
emilk/egui,Rust,21917
sergiobenitez/rocket,Rust,21521
actix/actix-web,Rust,21438
astral-sh/uv,Rust,21391
sharkdp/hyperfine,Rust,21370
tabbyml/tabby,Rust,21333
cloudflare/pingora,Rust,21324
zellij-org/zellij,Rust,20941
wilfred/difftastic,Rust,20596
casey/just,Rust,20583
dioxuslabs/dioxus,Rust,20452
atuinsh/atuin,Rust,20349
qdrant/qdrant,Rust,20017
xi-editor/xi-editor,Rust,19794
valeriansaliou/sonic,Rust,19708
qarmin/czkawka,Rust,19570
rustpython/rustpython,Rust,18991
wasmerio/wasmer,Rust,18539
ankitects/anki,Rust,18472
facebook/relay,Rust,18391
extrawurst/gitui,Rust,18327
tree-sitter/tree-sitter,Rust,18214
gyulyvgc/sniffnet,Rust,17921
rust-lang/mdbook,Rust,17806
cube-js/cube,Rust,17796
schniz/fnm,Rust,17716
gleam-lang/gleam,Rust,17617
uutils/coreutils,Rust,17607
vectordotdev/vector,Rust,17587
HigherOrderCO/bend,Rust,17245
slint-ui/slint,Rust,17095
wez/wezterm,Rust,16992
diem/diem,Rust,16699
rigellute/spotify-tui,Rust,16492
leptos-rs/leptos,Rust,15965
ruffle-rs/ruffle,Rust,15521
huggingface/candle,Rust,15355
bytecodealliance/wasmtime,Rust,15212
sxyazi/yazi,Rust,15181
tikv/tikv,Rust,15083
rust-lang/book,Rust,15007
0x192/universal-android-debloater,Rust,14945
denisidoro/navi,Rust,14893
chroma-core/chroma,Rust,14781
kitao/pyxel,Rust,14640
cube-js/cube.js,Rust,14582
biomejs/biome,Rust,14556
neondatabase/neon,Rust,14538
hyperium/hyper,Rust,14388
rustscan/rustscan,Rust,14280
fathyb/carbonyl,Rust,14256
clap-rs/clap,Rust,14137
rust-lang/rust-analyzer,Rust,14133
asciinema/asciinema,Rust,13961
astral-sh/rye,Rust,13628
getzola/zola,Rust,13522
lsd-rs/lsd,Rust,13256
analysis-tools-dev/static-analysis,Rust,13229
lemmynet/lemmy,Rust,13177
snailclimb/javaguide,Java,146164
growinggit/github-chinese-top-charts,Java,99390
krahets/hello-algo,Java,95988
iluwatar/java-design-patterns,Java,89459
macrozheng/mall,Java,77291
doocs/advanced-java,Java,75755
spring-projects/spring-boot,Java,74720
elastic/elasticsearch,Java,69683
kdn251/interviews,Java,61871
thealgorithms/java,Java,58903
spring-projects/spring-framework,Java,56330
nationalsecurityagency/ghidra,Java,50896
google/guava,Java,50070
Stirling-Tools/Stirling-PDF,Java,43156
kon9chunkit/github-chinese-top-charts,Java,42891
square/retrofit,Java,42532
skylot/jadx,Java,41128
apache/dubbo,Java,40411
jeecgboot/JeecgBoot,Java,40161
dbeaver/dbeaver,Java,39461
jeecgboot/jeecg-boot,Java,38243
philjay/mpandroidchart,Java,37492
eugenp/tutorials,Java,36538
alibaba/arthas,Java,35445
termux/termux-app,Java,35101
airbnb/lottie-android,Java,34976
bumptech/glide,Java,34594
halo-dev/halo,Java,33443
netty/netty,Java,33340
blankj/androidutilcode,Java,32965
zxing/zxing,Java,32694
xkcoding/spring-boot-demo,Java,32591
alibaba/easyexcel,Java,31981
teamnewpipe/newpipe,Java,31135
doocs/leetcode,Java,31102
seleniumhq/selenium,Java,30410
alibaba/nacos,Java,30106
apolloconfig/apollo,Java,29083
apache/kafka,Java,28488
alibaba/canal,Java,28341
alibaba/druid,Java,27910
wuyouzhuguli/springall,Java,27885
alibaba/spring-cloud-alibaba,Java,27843
xuxueli/xxl-job,Java,27201
crossoverjie/jcsprout,Java,27068
yunaiv/ruoyi-vue-pro,Java,26949
alibaba/fastjson,Java,25692
jakewharton/butterknife,Java,25638
ctripcorp/apollo,Java,25284
apache/incubator-seata,Java,25249
proxyee-down-org/proxyee-down,Java,24954
drklo/telegram,Java,24749
scwang90/smartrefreshlayout,Java,24675
greenrobot/eventbus,Java,24553
seata/seata,Java,24430
apache/flink,Java,23886
apache/skywalking,Java,23747
zhangdaiscott/jeecg-boot,Java,23378
google/gson,Java,23295
redisson/redisson,Java,23241
libgdx/libgdx,Java,23206
bazelbuild/bazel,Java,23039
jenkinsci/jenkins,Java,23038
keycloak/keycloak,Java,22546
anuken/mindustry,Java,22432
alibaba/sentinel,Java,22324
doocs/source-code-hunter,Java,22025
google/exoplayer,Java,21660
openapitools/openapi-generator,Java,21426
elunez/eladmin,Java,21203
apache/rocketmq,Java,21126
oracle/graal,Java,20278
carguo/gsyvideoplayer,Java,20051
ibotpeaches/apktool,Java,19955
didi/dokit,Java,19889
brettwooldridge/hikaricp,Java,19883
apache/shardingsphere,Java,19823
mybatis/mybatis-3,Java,19719
openjdk/jdk,Java,19497
linlinjava/litemall,Java,19106
didi/doraemonkit,Java,18723
dianping/cat,Java,18551
baseflow/photoview,Java,18156
conductor-oss/conductor,Java,17767
dataease/dataease,Java,17526
chrisbanes/photoview,Java,17410
lmax-exchange/disruptor,Java,17357
thingsboard/thingsboard,Java,17328
tencent/tinker,Java,17146
tencent/apijson,Java,17145
JetBrains/intellij-community,Java,17127
facebook/fresco,Java,17072
antlr/antlr4,Java,16987
williamfiset/algorithms,Java,16943
nostra13/android-universal-image-loader,Java,16785
infinilabs/analysis-ik,Java,16508
shuzheng/zheng,Java,16405
baomidou/mybatis-plus,Java,16318
material-components/material-components-android,Java,16309
winterbe/java8-tutorial,Java,16281
tensorflow/tensorflow,C++,185777
facebook/react-native,C++,118460
electron/electron,C++,113821
microsoft/terminal,C++,95119
godotengine/godot,C++,89708
bitcoin/bitcoin,C++,78569
opencv/opencv,C++,78344
nomic-ai/gpt4all,C++,69695
swiftlang/swift,C++,67376
apple/swift,C++,66494
ggerganov/llama.cpp,C++,65648
protocolbuffers/protobuf,C++,65344
tesseract-ocr/tesseract,C++,61046
ocornut/imgui,C++,59857
topjohnwu/magisk,C++,47425
x64dbg/x64dbg,C++,44299
werwolv/imhex,C++,43361
nlohmann/json,C++,42121
grpc/grpc,C++,41693
clickhouse/clickhouse,C++,36945
google/leveldb,C++,35997
google/googletest,C++,34512
aria2/aria2,C++,34397
bvlc/caffe,C++,33994
huihut/interview,C++,32576
carbon-language/carbon-lang,C++,32246
zhongyang219/trafficmonitor,C++,31663
facebookresearch/faiss,C++,30737
cmu-perceptual-computing-lab/openpose,C++,30554
serenityos/serenity,C++,30464
thealgorithms/c-plus-plus,C++,30176
microsoft/calculator,C++,29586
ariya/phantomjs,C++,29085
facebook/rocksdb,C++,28369
facebook/folly,C++,28245
qbittorrent/qbittorrent,C++,27365
google-ai-edge/mediapipe,C++,26950
rethinkdb/rethinkdb,C++,26480
llvm/llvm-project,C++,26379
mongodb/mongo,C++,26147
dmlc/xgboost,C++,26140
telegramdesktop/tdesktop,C++,26001
cmderdev/cmder,C++,25853
emscripten-core/emscripten,C++,25673
google/mediapipe,C++,25571
dragonflydb/dragonfly,C++,25451
ossrs/srs,C++,25437
taichi-dev/taichi,C++,25344
apolloauto/apollo,C++,25042
mozilla/deepspeech,C++,25013
envoyproxy/envoy,C++,24796
flameshot-org/flameshot,C++,24474
valvesoftware/proton,C++,24106
gabime/spdlog,C++,23976
mudler/LocalAI,C++,23679
changkun/modern-cpp-tutorial,C++,23653
v8/v8,C++,23253
google/flatbuffers,C++,23157
duckdb/duckdb,C++,23134
ethereum/solidity,C++,23129
microsoft/winget-cli,C++,23049
redisinsight/redisdesktopmanager,C++,22803
notepad-plus-plus/notepad-plus-plus,C++,22690
paddlepaddle/paddle,C++,22115
osquery/osquery,C++,21760
sqlitebrowser/sqlitebrowser,C++,21060
keepassxreboot/keepassxc,C++,20934
uglide/redisdesktopmanager,C++,20924
typesense/typesense,C++,20720
apache/mxnet,C++,20655
fmtlib/fmt,C++,20546
tencent/ncnn,C++,20183
apache/incubator-mxnet,C++,20133
LadybirdBrowser/ladybird,C++,19963
hyprwm/hyprland,C++,19950
aristocratos/btop,C++,19760
Mozilla-Ocho/llamafile,C++,19420
freecad/freecad,C++,19330
simdjson/simdjson,C++,19207
trojan-gfw/trojan,C++,18757
ssloy/tinyrenderer,C++,18593
lizardbyte/sunshine,C++,18492
catchorg/catch2,C++,18478
xbmc/xbmc,C++,18303
barry-ran/qtscrcpy,C++,18302
alibaba/weex,C++,18221
facebook/hhvm,C++,18140
google/filament,C++,17692
scottbez1/smartknob,C++,17418
microsoft/cntk,C++,17332
tencent/mmkv,C++,17285
unetworking/uwebsockets,C++,17266
tencent/mars,C++,17266
facebook/yoga,C++,17247
qv2ray/qv2ray,C++,16613
ml-explore/mlx,C++,16613
microsoft/lightgbm,C++,16563
google/libphonenumber,C++,16516
apache/brpc,C++,16403
electronicarts/cnc_remastered_collection,C++,16392
danielmiessler/seclists,PHP,57218
coollabsio/coolify,PHP,32290
laravel/framework,PHP,32272
blueimp/jquery-file-upload,PHP,31029
symfony/symfony,PHP,29670
composer/composer,PHP,28551
nextcloud/server,PHP,26897
fzaninotto/faker,PHP,26788
guzzle/guzzle,PHP,23052
livewire/livewire,PHP,22270
designpatternsphp/designpatternsphp,PHP,21757
monicahq/monica,PHP,21386
phpmailer/phpmailer,PHP,20967
seldaek/monolog,PHP,20921
matomo-org/matomo,PHP,19722
sebastianbergmann/phpunit,PHP,19672
bcit-ci/codeigniter,PHP,18268
filamentphp/filament,PHP,18150
barryvdh/laravel-debugbar,PHP,17142
nikic/php-parser,PHP,16995
briannesbitt/carbon,PHP,16537
koel/koel,PHP,15907
flarum/flarum,PHP,15280
bookstackapp/bookstack,PHP,15001
erusev/parsedown,PHP,14735
bagisto/bagisto,PHP,14649
getgrav/grav,PHP,14430
yiisoft/yii2,PHP,14237
barryvdh/laravel-ide-helper,PHP,14149
cachethq/cachet,PHP,13983
intervention/image,PHP,13876
thephpleague/flysystem,PHP,13327
phpoffice/phpspreadsheet,PHP,13297
filp/whoops,PHP,13176
phpstan/phpstan,PHP,12854
php-cs-fixer/php-cs-fixer,PHP,12816
roots/sage,PHP,12711
ramsey/uuid,PHP,12448
phacility/phabricator,PHP,12323
spartnernl/laravel-excel,PHP,12209
piotrplenik/clean-code-php,PHP,12140
spatie/laravel-permission,PHP,12058
librespeed/speedtest,PHP,12018
slimphp/slim,PHP,11948
thedevdojo/voyager,PHP,11770
the-control-group/voyager,PHP,11495
magento/magento2,PHP,11491
friendsofphp/php-cs-fixer,PHP,11476
egulias/emailvalidator,PHP,11411
phpoffice/phpexcel,PHP,11409
jupeter/clean-code-php,PHP,11393
typecho/typecho,PHP,11310
docker/labs,PHP,11303
doctrine/inflector,PHP,11245
tymondesigns/jwt-auth,PHP,11196
walkor/workerman,PHP,11116
z-song/laravel-admin,PHP,11101
snipe/snipe-it,PHP,10915
phalcon/cphalcon,PHP,10775
mockery/mockery,PHP,10618
yourls/yourls,PHP,10606
squizlabs/php_codesniffer,PHP,10591
deployphp/deployer,PHP,10535
serbanghita/mobile-detect,PHP,10507
dompdf/dompdf,PHP,10429
php-fig/log,PHP,10371
wallabag/wallabag,PHP,10185
digininja/dvwa,PHP,10065
doctrine/orm,PHP,9923
php-fig/container,PHP,9834
bobthecow/psysh,PHP,9722
symfony/console,PHP,9721
tennc/webshell,PHP,9701
freshrss/freshrss,PHP,9562
swiftmailer/swiftmailer,PHP,9482
pestphp/pest,PHP,9464
doctrine/dbal,PHP,9430
anankke/sspanel-uim,PHP,9371
dingo/api,PHP,9263
googleapis/google-api-php-client,PHP,9253
phpdocumentor/typeresolver,PHP,9118
assimon/dujiaoka,PHP,9065
phpdocumentor/reflectioncommon,PHP,9003
sebastianbergmann/php-code-coverage,PHP,8802
myclabs/deepcopy,PHP,8692
cakephp/cakephp,PHP,8677
phpspec/prophecy,PHP,8527
uvdesk/community-skeleton,PHP,8440
krayin/laravel-crm,PHP,8431
kanboard/kanboard,PHP,8419
owncloud/core,PHP,8357
invoiceninja/invoiceninja,PHP,8150
twigphp/twig,PHP,8142
prestashop/prestashop,PHP,8110
php-fig/simple-cache,PHP,8040
akaunting/akaunting,PHP,7973
sylius/sylius,PHP,7858
doctrine/cache,PHP,7824
top-think/think,PHP,7816
crater-invoice/crater,PHP,7669
torvalds/linux,C,179664
genymobile/scrcpy,C,109818
netdata/netdata,C,71151
redis/redis,C,66506
ventoy/ventoy,C,60941
obsproject/obs-studio,C,59083
git/git,C,52007
ffmpeg/ffmpeg,C,45178
php/php-src,C,38019
wg/wrk,C,36091
curl/curl,C,35558
tmux/tmux,C,34849
ggerganov/whisper.cpp,C,34805
bilibili/ijkplayer,C,32330
jqlang/jq,C,30226
coolsnowwolf/lede,C,29596
pbatard/rufus,C,28504
mpv-player/mpv,C,28049
cfenollosa/os-tutorial,C,26694
nothings/stb,C,26555
openssl/openssl,C,25585
ggreer/the_silver_searcher,C,25433
pjreddie/darknet,C,25334
stedolan/jq,C,24854
nginx/nginx,C,24623
libuv/libuv,C,24022
valinet/explorerpatcher,C,23844
valdikss/goodbyedpi,C,23761
facebook/zstd,C,23427
taosdata/tdengine,C,23283
koekeishiya/yabai,C,23244
robertdavidgraham/masscan,C,23106
arendst/tasmota,C,22037
raysan5/raylib,C,21924
radareorg/radare2,C,20436
iovisor/bcc,C,20342
openwrt/openwrt,C,19845
samypesse/how-to-make-a-computer-operating-system,C,19655
micropython/micropython,C,19162
thealgorithms/c,C,18619
qmk/qmk_firmware,C,18081
allinurl/goaccess,C,18021
jart/cosmopolitan,C,18014
timescale/timescaledb,C,17605
handbrake/handbrake,C,17462
darkflippers/unleashed-firmware,C,17124
karpathy/llama2.c,C,16986
ish-app/ish,C,16941
valkey-io/valkey,C,16368
lvgl/lvgl,C,16267
postgres/postgres,C,15917
foundry376/mailspring,C,15453
woltapp/blurhash,C,15344
skywind3000/kcp,C,15064
nvidia/open-gpu-kernel-modules,C,15059
existentialaudio/blackhole,C,14593
reactos/reactos,C,14498
swaywm/sway,C,14483
sandboxie-plus/sandboxie,C,13636
ffmpegwasm/ffmpeg.wasm,C,13594
espressif/esp-idf,C,13452
memcached/memcached,C,13447
acidanthera/opencorepkg,C,13314
arut/nginx-rtmp-module,C,13256
cloudwu/skynet,C,13252
spacehuhntech/esp8266_deauther,C,13195
systemd/systemd,C,13156
davatorium/rofi,C,13117
gojue/ecapture,C,13019
s-matyukevich/raspberry-pi-os,C,12833
glfw/glfw,C,12739
alibaba/tengine,C,12732
flipperdevices/flipperzero-firmware,C,12631
openresty/openresty,C,12464
audacity/audacity,C,12322
jonas/tig,C,12284
octalmage/robotjs,C,12191
haiwen/seafile,C,12181
imagemagick/imagemagick,C,12043
twitter/twemproxy,C,11984
pgvector/pgvector,C,11936
softethervpn/softethervpn,C,11521
coturn/coturn,C,11207
libevent/libevent,C,11115
raspberrypi/linux,C,11067
cesanta/mongoose,C,11011
winsiderss/systeminformer,C,10878
freerdp/freerdp,C,10853
h2o/h2o,C,10839
openvpn/openvpn,C,10748
davegamble/cjson,C,10660
andlabs/libui,C,10641
zephyrproject-rtos/zephyr,C,10592
apple/darwin-xnu,C,10516
openzfs/zfs,C,10486
citusdata/citus,C,10410
rt-thread/rt-thread,C,10376
lz4/lz4,C,10287
doctorwkt/acwj,C,10277
fogleman/craft,C,10167
tidyverse/ggplot2,R,6477
cxli233/FriendsDontLetFriends,R,6190
rstudio/shiny,R,5355
tidyverse/dplyr,R,4753
hadley/r4ds,R,4524
swirldev/swirl_courses,R,4208
rdatatable/data.table,R,3589
twitter/AnomalyDetection,R,3529
rstudio/rmarkdown,R,2862
plotly/plotly.R,R,2544
thomasp85/patchwork,R,2450
r-lib/devtools,R,2394
satijalab/seurat,R,2260
rmcelreath/stat_rethinking_2023,R,2122
rstudio/gt,R,2013
IndrajeetPatil/ggstatsplot,R,1993
ujjwalkarn/DataScienceR,R,1963
genomicsclass/labs,R,1935
thomasp85/gganimate,R,1921
karthik/wesanderson,R,1882
szilard/benchm-ml,R,1864
rich-iannone/DiagrammeR,R,1673
rstudio/reticulate,R,1669
google/CausalImpact,R,1644
mlr-org/mlr,R,1635
tidyverse/tidyverse,R,1617
hadley/stats337,R,1616
geocompx/geocompr,R,1538
tidymodels/broom,R,1444
rstudio/plumber,R,1388
sfirke/janitor,R,1380
tidyverse/tidyr,R,1372
r-spatial/sf,R,1334
hadley/mastering-shiny,R,1307
jokergoo/ComplexHeatmap,R,1294
paul-buerkner/brms,R,1272
tidyverse/purrr,R,1256
slowkow/ggrepel,R,1210
hrbrmstr/hrbrthemes,R,1195
r-lib/lintr,R,1190
wch/r-source,R,1135
swirldev/swirl,R,1090
easystats/easystats,R,1083
ddsjoberg/gtsummary,R,1044
thomasp85/ggraph,R,1037
BlakeRMills/MetBrewer,R,1035
easystats/performance,R,1013
rstudio/renv,R,1003
tidyverse/readr,R,1000
rstudio/tinytex,R,980
tidyverse/magrittr,R,952
sparklyr/sparklyr,R,948
mlr-org/mlr3,R,931
ropensci/targets,R,920
thomasp85/ggforce,R,901
ThinkR-open/golem,R,901
MichelNivard/gptstudio,R,892
r-lib/testthat,R,886
MilesMcBain/datapasta,R,883
easystats/see,R,883
rstudio/pagedown,R,882
johnmyleswhite/BanditsBook,R,880
allisonhorst/palmerpenguins,R,875
hadley/r-pkgs,R,872
rstudio/pointblank,R,863
r-lib/usethis,R,857
google/rappor,R,855
business-science/tidyquant,R,850
dselivanov/text2vec,R,847
quanteda/quanteda,R,839
dreamRs/shinyWidgets,R,826
klmr/box,R,824
mjskay/ggdist,R,812
joshuaulrich/quantmod,R,783
ramnathv/htmlwidgets,R,775
grabear/awesome-rshiny,R,773
TheAlgorithms/R,R,771
tidymodels/tidymodels,R,755
gadenbuie/tidyexplain,R,742
hms-dbmi/UpSetR,R,738
tidyverse/lubridate,R,724
tidymodels/infer,R,723
r-lib/styler,R,720
r-lib/pkgdown,R,715
rstudio/ggvis,R,712
rstudio/learnr,R,709
DavisVaughan/furrr,R,691
gkaramanis/tidytuesday,R,684
haozhu233/kableExtra,R,680
r-spatial/rgee,R,673
tidyverse/tibble,R,669
tidyverse/dtplyr,R,661
dgrtwo/fuzzyjoin,R,658
rstudio/RStartHere,R,657
hrbrmstr/ggalt,R,652
r-lib/cli,R,644
wilkelab/ggtext,R,643
amplab-extras/SparkR-pkg,R,642
njtierney/naniar,R,640
walkerke/tidycensus,R,640
square/okhttp,Kotlin,45754
android/architecture-samples,Kotlin,44371
shadowsocks/shadowsocks-android,Kotlin,34948
alibaba/p3c,Kotlin,30308
square/leakcanary,Kotlin,29297
gedoor/legado,Kotlin,28653
signalapp/signal-android,Kotlin,25511
cymchad/baserecyclerviewadapterhelper,Kotlin,24186
android/architecture-components-samples,Kotlin,23119
google/iosched,Kotlin,21724
android/compose-samples,Kotlin,19932
afollestad/material-dialogs,Kotlin,19522
square/picasso,Kotlin,18711
google/flexbox-layout,Kotlin,17859
android/sunflower,Kotlin,17613
lottie-react-native/lottie-react-native,Kotlin,16681
android/nowinandroid,Kotlin,16616
nickbutcher/plaid,Kotlin,16244
jetbrains/compose-multiplatform,Kotlin,16004
kotlin/anko,Kotlin,15878
android/plaid,Kotlin,15845
mamoe/mirai,Kotlin,14355
android/uamp,Kotlin,13016
kotlin/kotlinx.coroutines,Kotlin,12976
ktorio/ktor,Kotlin,12852
mikepenz/materialdrawer,Kotlin,11669
wasabeef/recyclerview-animators,Kotlin,11375
junkfood02/seal,Kotlin,10913
appintro/appintro,Kotlin,10518
jakewharton/timber,Kotlin,10389
thunderbird/thunderbird-android,Kotlin,10227
matsuridayo/nekoboxforandroid,Kotlin,10169
shabinder/spotiflyer,Kotlin,10076
tiann/kernelsu,Kotlin,9903
square/moshi,Kotlin,9725
rikkaapps/shizuku,Kotlin,9708
jakewharton/rxbinding,Kotlin,9698
mihonapp/mihon,Kotlin,9576
jetbrains/compose-jb,Kotlin,9489
yujincheng08/biliroaming,Kotlin,9412
jetbrains/ideavim,Kotlin,9180
insertkoinio/koin,Kotlin,8971
firebase/quickstart-android,Kotlin,8847
square/okio,Kotlin,8766
ethereum-lists/chains,Kotlin,8697
libre-tube/libretube,Kotlin,8561
ankidroid/anki-android,Kotlin,8479
yairm210/unciv,Kotlin,8390
thundernest/k-9,Kotlin,8288
jetbrains/exposed,Kotlin,8276
vfsfitvnm/vimusic,Kotlin,8193
chrisbanes/cheesesquare,Kotlin,7810
skydoves/pokedex,Kotlin,7775
uber/ribs,Kotlin,7721
facebook/litho,Kotlin,7693
isoron/uhabits,Kotlin,7634
javalin/javalin,Kotlin,7536
google/accompanist,Kotlin,7392
skydoves/android-developer-roadmap,Kotlin,7261
teamvanced/vancedmanager,Kotlin,6986
reactivex/rxkotlin,Kotlin,6982
ytvanced/vancedmanager,Kotlin,6919
chrisbanes/tivi,Kotlin,6603
recloudstream/cloudstream,Kotlin,6594
sourcerer-io/sourcerer-app,Kotlin,6527
igorwojda/android-showcase,Kotlin,6483
bitwarden/android,Kotlin,6326
acra/acra,Kotlin,6299
detekt/detekt,Kotlin,6235
pinterest/ktlint,Kotlin,6192
arrow-kt/arrow,Kotlin,6159
cashapp/sqldelight,Kotlin,6147
facebook/facebook-android-sdk,Kotlin,6135
gurupreet/composecookbook,Kotlin,6053
florisboard/florisboard,Kotlin,5942
dbacinski/design-patterns-in-kotlin,Kotlin,5864
zhanghai/materialfiles,Kotlin,5815
airbnb/mavericks,Kotlin,5815
kickstarter/android-oss,Kotlin,5748
mobile-dev-inc/maestro,Kotlin,5723
sagernet/sagernet,Kotlin,5590
tipsy/javalin,Kotlin,5577
drakeet/multitype,Kotlin,5514
tapadoo/alerter,Kotlin,5432
mockk/mockk,Kotlin,5393
breezy-weather/breezy-weather,Kotlin,5384
kotlin/kotlinx.serialization,Kotlin,5361
androidx/androidx,Kotlin,5288
mikepenz/android-iconics,Kotlin,5167
android/camera-samples,Kotlin,4965
aniyomiorg/aniyomi,Kotlin,4874
ashinch/readyou,Kotlin,4847
agrosner/dbflow,Kotlin,4840
muzei/muzei,Kotlin,4687
ReVanced/revanced-patches-template,Kotlin,4585
intellij-rust/intellij-rust,Kotlin,4525
kunzisoft/keepassdx,Kotlin,4491
kotest/kotest,Kotlin,4415
libchecker/libchecker,Kotlin,4370
android/user-interface-samples,Kotlin,4367
public-apis/public-apis,Python,313186
donnemartin/system-design-primer,Python,266337
vinta/awesome-python,Python,215354
thealgorithms/python,Python,184669
Significant-Gravitas/AutoGPT,Python,167100
Significant-Gravitas/Auto-GPT,Python,147780
AUTOMATIC1111/stable-diffusion-webui,Python,139273
huggingface/transformers,Python,132754
ytdl-org/youtube-dl,Python,130804
nvbn/thefuck,Python,83795
yt-dlp/yt-dlp,Python,83649
pytorch/pytorch,Python,82171
django/django,Python,79411
tensorflow/models,Python,76984
fastapi/fastapi,Python,76145
tiangolo/fastapi,Python,73934
home-assistant/core,Python,71824
openai/whisper,Python,68243
pallets/flask,Python,67433
binary-husky/gpt_academic,Python,64368
3b1b/manim,Python,62676
python/cpython,Python,62594
ansible/ansible,Python,62469
keras-team/keras,Python,61682
xtekky/gpt4free,Python,60146
swisskyrepo/payloadsallthethings,Python,60007
d2l-ai/d2l-zh,Python,59909
scikit-learn/scikit-learn,Python,59580
sherlock-project/sherlock,Python,56533
abi/screenshot-to-code,Python,56326
localstack/localstack,Python,55628
meta-llama/llama,Python,55105
zylon-ai/private-gpt,Python,53709
labmlai/annotated_deep_learning_paper_implementations,Python,53140
ageitgey/face_recognition,Python,52664
OpenInterpreter/open-interpreter,Python,52345
scrapy/scrapy,Python,52331
comfyanonymous/ComfyUI,Python,52111
psf/requests,Python,52039
gpt-engineer-org/gpt-engineer,Python,51974
corentinj/real-time-voice-cloning,Python,51846
facebookresearch/llama,Python,50936
deepfakes/faceswap,Python,50116
ultralytics/yolov5,Python,49858
soimort/you-get,Python,49797
imartinez/privateGPT,Python,49719
commaai/openpilot,Python,49590
xai-org/grok-1,Python,49389
textualize/rich,Python,49044
charlax/professional-programming,Python,46477
minimaxir/big-list-of-naughty-strings,Python,45841
geekan/MetaGPT,Python,43954
iperov/deepfacelab,Python,43902
z4nzu/hackingtool,Python,43737
pandas-dev/pandas,Python,43392
AntonOsika/gpt-engineer,Python,42998
paddlepaddle/paddleocr,Python,42927
KillianLucas/open-interpreter,Python,42157
isocpp/cppcoreguidelines,Python,41478
thudm/chatglm-6b,Python,39892
oobabooga/text-generation-webui,Python,39799
lllyasviel/Fooocus,Python,39507
psf/black,Python,38684
hpcaitech/colossalai,Python,38683
getsentry/sentry,Python,38673
stability-ai/stablediffusion,Python,38533
odoo/odoo,Python,37720
google-research/bert,Python,37546
mingrammer/diagrams,Python,37320
hacksider/Deep-Live-Cam,Python,37220
chubin/cheat.sh,Python,36730
LAION-AI/Open-Assistant,Python,36709
lm-sys/FastChat,Python,36543
apache/airflow,Python,36495
QuivrHQ/quivr,Python,36122
mitmproxy/mitmproxy,Python,36118
run-llama/llama_index,Python,35785
karpathy/nanogpt,Python,35752
satwikkansal/wtfpython,Python,35293
xingangpan/draggan,Python,35242
tencentarc/gfpgan,Python,35180
microsoft/deepspeed,Python,34925
streamlit/streamlit,Python,34846
babysor/mockingbird,Python,34824
moymix/TaskMatrix,Python,34395
microsoft/taskmatrix,Python,34020
openai/gym,Python,33912
hankcs/hanlp,Python,33446
lc044/wechatmsg,Python,33275
RVC-Boss/GPT-SoVITS,Python,33243
ray-project/ray,Python,33235
httpie/cli,Python,33174
fxsjy/jieba,Python,32984
coqui-ai/tts,Python,32739
ccxt/ccxt,Python,32614
gradio-app/gradio,Python,32441
All-Hands-AI/OpenHands,Python,32246
sqlmapproject/sqlmap,Python,32059
willmcgugan/rich,Python,31979
hiyouga/LLaMA-Factory,Python,31658
microsoft/powertoys,C#,110140
shadowsocks/shadowsocks-windows,C#,58218
powershell/powershell,C#,44718
dotnet/aspnetcore,C#,35279
ryujinx/ryujinx,C#,34935
files-community/files,C#,34034
jellyfin/jellyfin,C#,33765
sharex/sharex,C#,29168
DevToys-app/DevToys,C#,26851
avaloniaui/avalonia,C#,25389
nickemanarin/screentogif,C#,23432
mxgmn/wavefunctioncollapse,C#,22844
dotnet/maui,C#,22033
microsoft/semantic-kernel,C#,21525
veler/devtoys,C#,21026
leiurayer/downkyi,C#,20315
beyonddimension/steamtools,C#,19917
dotnet/roslyn,C#,18951
dapperlib/dapper,C#,17360
unity-technologies/ml-agents,C#,16984
jasontaylordev/cleanarchitecture,C#,16709
ardalis/cleanarchitecture,C#,16232
ql-win/quicklook,C#,16131
netchx/netch,C#,16038
bitwarden/server,C#,15259
ppy/osu,C#,15139
materialdesigninxaml/materialdesigninxamltoolkit,C#,15077
dotnet/runtime,C#,15055
rocksdanister/lively,C#,14884
carlospolop/peass-ng,C#,14713
openra/openra,C#,14640
dotnet/efcore,C#,13679
stackexchange/dapper,C#,13596
app-vnext/polly,C#,13348
abpframework/abp,C#,12802
dotnet/aspnetcore.docs,C#,12576
marticliment/UniGetUI,C#,12255
jackett/jackett,C#,12114
aspnetboilerplate/aspnetboilerplate,C#,11782
unity-technologies/unitycsreference,C#,11762
bluepointlilac/contextmenumanager,C#,11760
nilaoda/n_m3u8dl-cli,C#,11724
questpdf/questpdf,C#,11720
monogame/monogame,C#,11363
winsw/winsw,C#,11275
justarchinet/archisteamfarm,C#,11134
duplicati/duplicati,C#,11016
jbogard/mediatr,C#,11005
mono/mono,C#,10997
klocman/bulk-crap-uninstaller,C#,10928
jamesnk/newtonsoft.json,C#,10660
sonarr/sonarr,C#,10636
kgrzybek/modular-monolith-with-ddd,C#,10482
dotnet/benchmarkdotnet,C#,10438
chocolatey/choco,C#,10256
microsoft/garnet,C#,10197
marticliment/WingetUI,C#,10166
dotnet/orleans,C#,10057
radarr/radarr,C#,9985
dotnet-architecture/eshoponweb,C#,9974
automapper/automapper,C#,9912
perfare/assetstudio,C#,9880
cefsharp/cefsharp,C#,9839
srwi/everythingtoolbar,C#,9742
gui-cs/terminal.gui,C#,9603
restsharp/restsharp,C#,9570
quantconnect/lean,C#,9565
hangfireio/hangfire,C#,9347
nilaoda/bbdown,C#,9290
spectreconsole/spectre.console,C#,9263
mahapps/mahapps.metro,C#,9230
nopsolutions/nopcommerce,C#,9210
felixse/fluentterminal,C#,9185
dodyg/practical-aspnetcore,C#,9147
dotnet/machinelearning,C#,9016
fluentvalidation/fluentvalidation,C#,8999
signalr/signalr,C#,8947
file-new-project/eartrumpet,C#,8871
josefnemec/playnite,C#,8851
unoplatform/uno,C#,8805
0x7c13/notepads,C#,8688
bchavez/bogus,C#,8638
humanizr/humanizer,C#,8580
richasy/bili.uwp,C#,8512
reactiveui/refit,C#,8507
microsoft/reverse-proxy,C#,8479
subtitleedit/subtitleedit,C#,8421
mbdavid/litedb,C#,8375
threemammals/ocelot,C#,8344
mathewsachin/captura,C#,8318
lucasg/dependencies,C#,8227
reactiveui/reactiveui,C#,8061
mudblazor/mudblazor,C#,7914
flow-launcher/flow.launcher,C#,7796
dvf/blockchain,C#,7714
gitextensions/gitextensions,C#,7712
microsoft/ailab,C#,7664
tyrrrz/discordchatexporter,C#,7566
orchardcms/orchardcore,C#,7387
autodarkmode/windows-auto-night-mode,C#,7349
Reference-LAPACK/lapack,Fortran,1488
wrf-model/WRF,Fortran,1232
ElmerCSC/elmerfem,Fortran,1176
fortran-lang/stdlib,Fortran,1058
fortran-lang/fpm,Fortran,873
cp2k/cp2k,Fortran,839
OpenFAST/openfast,Fortran,679
OpenRadioss/OpenRadioss,Fortran,588
grimme-lab/xtb,Fortran,569
nwchemgit/nwchem,Fortran,495
modern-fortran/neural-fortran,Fortran,396
Nek5000/Nek5000,Fortran,377
FluidityProject/fluidity,Fortran,364
E3SM-Project/E3SM,Fortran,346
jacobwilliams/json-fortran,Fortran,333
MITgcm/MITgcm,Fortran,328
dftbplus/dftbplus,Fortran,327
ESCOMP/CTSM,Fortran,306
JuliaPackaging/Yggdrasil,Fortran,304
libprima/prima,Fortran,292
opencollab/arpack-ng,Fortran,284
USEPA/CMAQ,Fortran,277
nasa/CFL3D,Fortran,275
NOAA-EMC/WW3,Fortran,259
quanshengwu/wannier_tools,Fortran,255
MODFLOW-USGS/modflow6,Fortran,251
ucns3d-team/UCNS3D,Fortran,247
rouyang2017/SISSO,Fortran,238
sourceryinstitute/OpenCoarrays,Fortran,236
flame/libflame,Fortran,232
spacepy/spacepy,Fortran,229
mdolab/adflow,Fortran,219
flexi-framework/flexi,Fortran,210
ylikx/forpy,Fortran,203
certik/fortran-utils,Fortran,202
abinit/abinit,Fortran,202
ROCm/aomp,Fortran,202
NCAR/DART,Fortran,191
NCAR/wrf_hydro_nwm_public,Fortran,176
Warwick-Plasma/epoch,Fortran,176
certik/fastGPT,Fortran,174
CDAT/cdat,Fortran,173
scientific-computing/FKB,Fortran,173
Goddard-Fortran-Ecosystem/pFUnit,Fortran,169
geoschem/geos-chem,Fortran,167
ExtremeFLOW/neko,Fortran,166
jacobwilliams/bspline-fortran,Fortran,161
dftd4/dftd4,Fortran,160
ROCm/gpufort,Fortran,159
kookma/ogpf,Fortran,157
esmf-org/esmf,Fortran,156
clawpack/pyclaw,Fortran,155
daoudclarke/wartonlegacy,Fortran,152
CliMT/climt,Fortran,148
DSSAT/dssat-csm-os,Fortran,148
xcompact3d/Incompact3d,Fortran,145
modern-fortran/tsunami,Fortran,143
MFlowCode/MFC,Fortran,141
MESAHub/mesa,Fortran,138
ExeClim/Isca,Fortran,137
cp2k/dbcsr,Fortran,135
ufs-community/ufs-weather-model,Fortran,135
wavebitscientific/datetime-fortran,Fortran,133
tinkertools/tinker,Fortran,130
Reference-ScaLAPACK/scalapack,Fortran,125
lesgo-jhu/lesgo,Fortran,119
NASA-LIS/LISF,Fortran,117
openmopac/mopac,Fortran,115
ralna/GALAHAD,Fortran,114
SCM-NV/ftl,Fortran,113
loganoz/horses3d,Fortran,113
atomisticnet/aenet,Fortran,110
Quuxplusone/Castlequest,Fortran,104
ralna/spral,Fortran,104
DOI-USGS/COAWST,Fortran,104
danieljprice/phantom,Fortran,103
OrderN/CONQUEST-release,Fortran,101
michael-lehn/ulmBLAS,Fortran,99
timduly4/pyglow,Fortran,99
DelNov/T-Flows,Fortran,99
yambo-code/yambo,Fortran,97
njoy/NJOY2016,Fortran,95
NGEET/fates,Fortran,95
tblite/tblite,Fortran,95
adtzlr/ttb,Fortran,94
toml-f/toml-f,Fortran,93
jacobwilliams/csv-fortran,Fortran,93
pdfo/pdfo,Fortran,93
leonfoks/coretran,Fortran,92
pressel/pycles,Fortran,91
NOAA-GFDL/FMS,Fortran,91
SPECFEM/specfem3d_globe,Fortran,89
ralna/CUTEst,Fortran,88
DARcorporation/xfoil-python,Fortran,84
AER-RC/LBLRTM,Fortran,83
jiweiqi/collectionofmechanisms,Fortran,82
madebr/pyOpt,Fortran,82
fortran-lang/minpack,Fortran,82
mom-ocean/MOM5,Fortran,82
UppASD/UppASD,Fortran,82
facebook/react,JavaScript,227966
trekhleb/javascript-algorithms,JavaScript,186300
twbs/bootstrap,JavaScript,170330
airbnb/javascript,JavaScript,144774
vercel/next.js,JavaScript,125434
30-seconds/30-seconds-of-code,JavaScript,115518
nodejs/node,JavaScript,106757
axios/axios,JavaScript,105329
awesome-selfhosted/awesome-selfhosted,JavaScript,103707
facebook/create-react-app,JavaScript,102452
mrdoob/three.js,JavaScript,102017
ryanmcdermott/clean-code-javascript,JavaScript,90837
iptv-org/iptv,JavaScript,84853
microsoft/web-dev-for-beginners,JavaScript,83101
sveltejs/svelte,JavaScript,78589
jaywcjlove/awesome-mac,JavaScript,75415
fortawesome/font-awesome,JavaScript,73366
typicode/json-server,JavaScript,72619
mermaid-js/mermaid,JavaScript,71107
anuraghazra/github-readme-stats,JavaScript,68613
hakimel/reveal.js,JavaScript,67657
expressjs/express,JavaScript,65290
webpack/webpack,JavaScript,64600
chartjs/chart.js,JavaScript,64431
leonardomso/33-js-concepts,JavaScript,63069
adam-p/markdown-here,JavaScript,59644
lodash/lodash,JavaScript,59439
jquery/jquery,JavaScript,59179
atom/atom,JavaScript,59040
angular/angular.js,JavaScript,58931
louislam/uptime-kuma,JavaScript,56644
h5bp/html5-boilerplate,JavaScript,56459
gatsbyjs/gatsby,JavaScript,55242
scutan90/deeplearning-500-questions,JavaScript,53653
semantic-org/semantic-ui,JavaScript,51031
juliangarnier/anime,JavaScript,49649
prettier/prettier,JavaScript,49190
mozilla/pdf.js,JavaScript,48151
moment/moment,JavaScript,47920
chinese-poetry/chinese-poetry,JavaScript,47641
tryghost/ghost,JavaScript,47003
cypress-io/cypress,JavaScript,46787
iamkun/dayjs,JavaScript,46733
serverless/serverless,JavaScript,46394
gorhill/ublock,JavaScript,46285
marktext/marktext,JavaScript,46021
algorithm-visualizer/algorithm-visualizer,JavaScript,45611
poteto/hiring-without-whiteboards,JavaScript,44783
meteor/meteor,JavaScript,44323
agalwood/motrix,JavaScript,44200
reacttraining/react-router,JavaScript,43671
parcel-bundler/parcel,JavaScript,43400
colorlibhq/adminlte,JavaScript,42784
nuxt/nuxt.js,JavaScript,41715
yarnpkg/yarn,JavaScript,41403
unitech/pm2,JavaScript,41139
leaflet/leaflet,JavaScript,41127
jgraph/drawio,JavaScript,40875
nwjs/nw.js,JavaScript,40312
microsoft/monaco-editor,JavaScript,39993
dcloudio/uni-app,JavaScript,39964
nolimits4web/swiper,JavaScript,39553
lecoupa/awesome-cheatsheets,JavaScript,39173
sudheerj/reactjs-interview-questions,JavaScript,39168
dogfalo/materialize,JavaScript,38860
videojs/video.js,JavaScript,37869
yangshun/front-end-interview-handbook,JavaScript,37781
bigskysoftware/htmx,JavaScript,37638
impress/impress.js,JavaScript,37493
phaserjs/phaser,JavaScript,36999
preactjs/preact,JavaScript,36634
photonstorm/phaser,JavaScript,35738
alvarotrigo/fullpage.js,JavaScript,35253
koajs/koa,JavaScript,35123
naptha/tesseract.js,JavaScript,34761
sahat/hackathon-starter,JavaScript,34711
naibowang/easyspider,JavaScript,34576
kong/insomnia,JavaScript,34479
carbon-app/carbon,JavaScript,34353
sheetjs/sheetjs,JavaScript,34075
zenorocha/clipboard.js,JavaScript,33643
adobe/brackets,JavaScript,33612
atlassian/react-beautiful-dnd,JavaScript,33226
denysdovhan/wtfjs,JavaScript,33170
gulpjs/gulp,JavaScript,32921
markedjs/marked,JavaScript,32906
goabstract/awesome-design-tools,JavaScript,32691
typicode/husky,JavaScript,32395
thealgorithms/javascript,JavaScript,32134
fastify/fastify,JavaScript,32051
pcottle/learngitbranching,JavaScript,30483
qishibo/anotherredisdesktopmanager,JavaScript,30342
binaryify/neteasecloudmusicapi,JavaScript,30177
airbnb/lottie-web,JavaScript,29933
vuejs/vue-cli,JavaScript,29761
layui/layui,JavaScript,29516
webtorrent/webtorrent,JavaScript,29476
sortablejs/sortable,JavaScript,29350
ryanhanwu/how-to-ask-questions-the-smart-way,JavaScript,29218
elsewhencode/project-guidelines,JavaScript,29158
